,local,visita,empate
0,0.125,0.6666666666666666,0.6666666666666666
