,local,visita,empate
0,0.8333333333333334,0.3333333333333333,0.0
