San José Earthquakes,Los Angeles Galaxy
0.2551434855760985,0.15412025203732344
0.3485079380413347,0.28820828104988416
0.23801858511805324,0.26947793092634365
0.10837217879932604,0.1679765642444631
0.03700718096830969,0.07852997285820378
0.010109837845059474,0.02937055732672423
