San José Earthquakes,Real Salt Lake
0.24299549148326197,0.15412025203732344
0.3437687323649821,0.28820828104988416
0.2431669423791901,0.26947793092634365
0.11467042869054067,0.1679765642444631
0.04055641904102115,0.07852997285820378
0.011475133697248226,0.02937055732672423
