Houston Dynamo,Vancouver Whitecaps
0.2070127509558787,0.3226900391707831
0.3260398844155151,0.3649827791186472
0.25675231534974136,0.20640926722666633
0.13479281643845417,0.07782063161067582
0.05307382527007007,0.02200501018796599
0.01671798841051196,0.004977810776915456
