Inter Miami CF,FC Cincinnati
0.21509610430027343,0.15643477165174263
0.33053180673531507,0.2902046713819289
0.253959214229183,0.2691816864072342
0.13008386520887524,0.16645443128580092
0.04997400479947704,0.07719807594775173
0.015358714329025117,0.028642279494751857
