FC Dallas,Nashville SC
0.2561119963673293,0.3450133309862027
0.34886050853815853,0.36715360310957795
0.23759850406020974,0.19535733284714193
0.10788084396675052,0.06929794900357404
0.03673721518474647,0.01843623809552411
0.010008249323272466,0.003923866492468048
