Orlando City,FC Cincinnati
0.2226836600860681,0.21114468061160463
0.3344715431532455,0.32837467564908385
0.2511886438728256,0.2553460671973818
0.12576203885853546,0.1323723962661222
0.04722374240531945,0.05146677453922895
0.014186041301524979,0.01600834588592992
