Portland Timbers,Los Angeles Galaxy
0.21921569722501857,0.23142589256342527
0.3327034696822185,0.3386907697581988
0.25247188075442695,0.24783622145469983
0.12772544999818355,0.12090240449283482
0.04846220060771787,0.04423503350221805
0.014710207795086059,0.012947555160051884
