Austin FC,Los Angeles Galaxy
0.18834704637410024,0.39258152279153874
0.3144395601634869,0.36706806652604884
0.2624735532072647,0.17160635134465863
0.14606382245590116,0.053484612269200864
0.06096225687235787,0.01250217602891096
0.02035491992738109,0.002337934577087829
