Los Angeles FC,Seattle Sounders
0.17913648083824762,0.3203713983692093
0.30804440030428865,0.36467054084282796
0.2648576998799913,0.20754755891995028
0.15181707813640982,0.07874868662560065
0.06526643899059803,0.022409402250482047
0.022446528998198996,0.005101609494634077
