Seattle Sounders,Los Angeles Galaxy
0.30411400154672374,0.29188386289543405
0.36200290544901625,0.35942558025913296
0.21545555759851395,0.2212982013858281
0.08548936413002432,0.09083548236660438
0.025440622630542524,0.02796368702423881
0.006056662476471635,0.006886892845098803
