New England Revolution,Real Salt Lake
0.2688793343121553,0.23521054679811326
0.3531710082082242,0.34041416115502676
0.23194374784863278,0.24633632014457374
0.10155212992332545,0.11883873537355603
0.033346992064733835,0.04299805957429731
0.008760205270771,0.012445996644735231
