Sporting Kansas City,Austin FC
0.553123667331862,0.08174067525880889
0.3275452734672888,0.2046952883306323
0.09698184376044051,0.2562993328113305
0.019143364863959376,0.21394189882680315
0.002834049169192217,0.13393851508963414
0.0003356498609508462,0.0670818607212199
