Inter Miami CF,Los Angeles FC
0.39200857850151993,0.10460485045060526
0.367104883278143,0.23615228655205223
0.17189164053732114,0.2665646105488022
0.05365721066373478,0.2005956767262338
0.012562112883496953,0.11321446263556678
0.002352812278471669,0.05111780975161519
