DC United,Orlando City
0.32460879072405174,0.22309013640258377
0.3652285632607391,0.33467522475989764
0.20546563622625283,0.2510364372765492
0.07705882820875375,0.12553322978660686
0.021675387356626122,0.04708059102381493
0.004877545407641348,0.014125866465283665
