FC Dallas,Los Angeles Galaxy
0.28590326206395217,0.34750750171241557
0.3579799804537472,0.36730466580333315
0.22411368355951133,0.19411482753046735
0.09353771328208366,0.06839112009784719
0.029279684088492946,0.018071823908598728
0.007332228853930344,0.0038202716249261266
