Charlotte FC,Columbus Crew
0.40227494996116636,0.3084434329125316
0.36631940133631885,0.36279635200873334
0.166788789369501,0.21336358467416272
0.050627039605078666,0.08365394527435
0.011525491980890699,0.02459879425061293
0.002099067477581687,0.005786703081123173
