New York Red Bulls,Colorado Rapids
0.18281492559146986,0.2953542941872429
0.31065392472050496,0.36020808555468514
0.26394415180276753,0.21965122473674809
0.14950509173739723,0.08929405430393249
0.0635127894558636,0.0272253027848688
0.02158521493863383,0.006640685026618996
