Portland Timbers,Austin FC
0.2941109930578852,0.12573036979779695
0.35993246139989155,0.2607164545940689
0.22024232318287892,0.27031285203971545
0.08984404228195815,0.186841647801152
0.027487741060308303,0.09685943830351242
0.006727888811835337,0.0401698482062481
