New York City,Montreal Impact
0.10604591240810353,0.31685659158859736
0.23795463520699553,0.3641651818302056
0.2669711973366336,0.20926861422156243
0.1996840564318914,0.0801712246406395
0.1120169220244101,0.02303531737530957
0.05027057660601003,0.0052949256939479016
