Philadelphia Union,Houston Dynamo
0.13458881363276173,0.5660136026361993
0.26992203442057205,0.32213937893398736
0.27066850022372635,0.0916707469366906
0.18094468691210036,0.01739107643765756
0.09072254352091758,0.0024744769986656035
0.03638937420429727,0.00028166336633040994
