DC United,Chicago Fire
0.3306353703234376,0.2082754274754105
0.3659270958314285,0.3267620486580046
0.2024929143736737,0.25632749320795917
0.07470227601553536,0.1340502138974799
0.020668982637597214,0.05257764087575294
0.004575034294103187,0.016497748058343777
