Colorado Rapids,Sporting Kansas City
0.21865808352393007,0.43272382871388315
0.3324140837662566,0.3624735225557548
0.252675595855725,0.15181398138447602
0.12804302396513287,0.04238927537162096
0.048664224765982984,0.008876903086319683
0.014796318916797802,0.0014871574512767825
