Columbus Crew,Toronto FC
0.20173121805033276,0.3666445675891786
0.3229351811378737,0.3678773662771901
0.25848039838467446,0.18455715505197653
0.13792678376650308,0.06172590216783381
0.05519895647520297,0.015483362040447432
0.0176727084486187,0.003107084600221491
