Minnesota United FC,Portland Timbers
0.18133456937255316,0.19669397298734953
0.30961272989661054,0.31984528793296896
0.2643181684709173,0.2600512020251463
0.15043329389191037,0.1409569568499134
0.06421288415989042,0.057302745179583156
0.021927563429378526,0.018636069781855606
