New York Red Bulls,Minnesota United FC
0.2608271133812671,0.30783520911510504
0.35052490351395454,0.36268857267190563
0.2355347693547945,0.21365814704061012
0.10551152860347854,0.08391001212698364
0.03544916966634691,0.024715498446961665
0.009528010041488656,0.005823913957322156
