DC United,Orlando City
0.28590326206395217,0.17913648083824762
0.3579799804537472,0.30804440030428865
0.22411368355951133,0.2648576998799913
0.09353771328208366,0.15181707813640982
0.029279684088492946,0.06526643899059803
0.007332228853930344,0.022446528998198996
