Philadelphia Union,San José Earthquakes
0.1083271246075595,0.46055385730869963
0.2407678344680526,0.35707913870753966
0.2675652581218346,0.13842627661964635
0.19823015399039493,0.03577513961029437
0.11014657011214844,0.0069343442881118775
0.048962346699516955,0.0010752747573844995
