Nashville SC,Vancouver Whitecaps
0.21335434905443962,0.36192568739055037
0.3295899872284568,0.3678310014270666
0.2545754519715376,0.18691633438114905
0.13108946116454734,0.06332204358874659
0.050626778903841346,0.016088807396891856
0.015641658570622673,0.003270263671658052
