Montreal Impact,New York City
0.273647665399904,0.12753071433603302
0.35462381131433446,0.2626365039904113
0.22978096189368918,0.2704365516472923
0.09925878027028172,0.18564550206762506
0.032157708082781705,0.09557949608145816
0.008334724132789063,0.03936724550582524
