Chicago Fire,Atlanta United FC
0.32460879072405174,0.28582318273594964
0.3652285632607391,0.3579597810975721
0.20546563622625283,0.22415117566197582
0.07705882820875375,0.09357429186893405
0.021675387356626122,0.029297687396396568
0.004877545407641348,0.007338378690414153
