New England Revolution,Toronto FC
0.17765972947515318,0.24556692342492187
0.30697561548220215,0.344821579059974
0.26520930989556657,0.24209677697445736
0.15275041297074535,0.11331628293333713
0.06598379409810629,0.039779277955390366
0.022802484125081304,0.011171499196337819
