Atlanta United FC,Charlotte FC
0.2549465961914678,0.28530315105558546
0.3484358144781824,0.3578280611487022
0.23810381982879256,0.22439450961495555
0.1084722573691536,0.09381208726092852
0.037062290602541646,0.02941484975953769
0.01013061527820929,0.007378438422073423
